{"iQFlk8AfpYBlhy8r2tRKnw==":"%E5%BD%B1%E5%83%8F-160x160.jpeg","dMWzFUzvgo2pAaAEfN0Kuw==":"%E5%BD%B1%E5%83%8F%201-160x160.jpg","GEY6PSW19spHXgMNOVvXkw==":"%E6%9C%AA%E5%91%BD%E5%90%8D%E8%A8%AD%E8%A8%88-160x90.png","GZ9x2oEp95Yq0BMejddrLw==":"%E6%9C%AA%E5%91%BD%E5%90%8D%E8%A8%AD%E8%A8%88-160x90.png","gwZSTa3P5gpAvFHQ/6tN4w==":"%E6%9C%AA%E5%91%BD%E5%90%8D%E8%A8%AD%E8%A8%88-160x90.png","LHbXYZmuGZuVHN0nuGAHZw==":"%E6%9C%AA%E5%91%BD%E5%90%8D%E8%A8%AD%E8%A8%88-160x90.png","P5HC+OmNDg58oly0t5Zq7Q==":"%E6%9C%AA%E5%91%BD%E5%90%8D%E8%A8%AD%E8%A8%88-160x90.png","cLCxluiNPQ10hro0uJve8g==":"%E6%9C%AA%E5%91%BD%E5%90%8D%E8%A8%AD%E8%A8%88-2-160x90.png","JeJpvURnAcviSMRf9U7oDA==":"%E6%9C%AA%E5%91%BD%E5%90%8D%E8%A8%AD%E8%A8%88-2-160x90.png","MdUbs6trb+K2VS5m8gXAzw==":"%E6%9C%AA%E5%91%BD%E5%90%8D%E8%A8%AD%E8%A8%88-3-160x90.png","KC5M+oVowIMUtF0rq3gBBQ==":"%E6%9C%AA%E5%91%BD%E5%90%8D%E8%A8%AD%E8%A8%88-4-160x90.png","EWG+yY+bRR2KDgPDQ+/ikw==":"%E5%BD%B1%E5%83%8F%202-160x160.jpg","dpBjRiyVNm0wRaoc1GYDqQ==":"%E5%BD%B1%E5%83%8F%203-160x120.jpg","iCerW6UTV8YidkOZB/6Dtg==":"%E6%9C%AA%E5%91%BD%E5%90%8D%E8%A8%AD%E8%A8%88-5-160x90.png","iDihRxjU8Yw8kTCRilI3MA==":"%E6%9C%AA%E5%91%BD%E5%90%8D%E8%A8%AD%E8%A8%88-5-160x90.png","9xyqnurZ9JfidVGXmXwpQg==":"%E6%9C%AA%E5%91%BD%E5%90%8D%E8%A8%AD%E8%A8%88-6-160x90.png","ooKp5TbE4xMGrjHYCfQXPg==":"%E6%9C%AA%E5%91%BD%E5%90%8D%E8%A8%AD%E8%A8%88-6-160x90.png","67pW7fEn/1Qau+yueRZspw==":"%E6%9C%AA%E5%91%BD%E5%90%8D%E8%A8%AD%E8%A8%88-6-160x90.png","RsJJ5Pip8TuMTtqWIomxsg==":"%E6%9C%AA%E5%91%BD%E5%90%8D%E8%A8%AD%E8%A8%88-6-160x90.png","/ePZ2QpWmi7XOys521lK9A==":"%E6%9C%AA%E5%91%BD%E5%90%8D%E8%A8%AD%E8%A8%88-6-160x90.png","rtlGSfWKpHt3otdzu+JdAA==":"%E6%9C%AA%E5%91%BD%E5%90%8D%E8%A8%AD%E8%A8%88-7-160x90.png","BcY5suUazWJd8ZgvVgSiNQ==":"%E6%9C%AA%E5%91%BD%E5%90%8D%E8%A8%AD%E8%A8%88-7-160x90.png","9S+i4bu/bk3FLbR90a9xIw==":"%E6%9C%AA%E5%91%BD%E5%90%8D%E8%A8%AD%E8%A8%88-7-160x90.png","3tvlXtyZDb9V+yPcKRAISw==":"%E6%9C%AA%E5%91%BD%E5%90%8D%E8%A8%AD%E8%A8%88-7-160x90.png","QzqvfpL4MJ2MY3ZlMWonSw==":"%E6%9C%AA%E5%91%BD%E5%90%8D%E8%A8%AD%E8%A8%88-6-160x90.png","3nkTknD4IeJJid0JPp5cJg==":"img-5569-598x400.jpg","uuJU52FvdUiTdG8qffOK3A==":"img-6557-598x448.jpg","ZscJlFQ3erm/0r36eGdV5g==":"%E4%B8%8B%E5%8D%884.29%202024-11-17%E7%9A%84%E5%BD%B1%E5%83%8F-598x796.jpg","UyOAxDdR2z86dgD+6NOxuA==":"img-5569-598x400.jpeg","8XyRXDmIsGVVJqneA902BQ==":"img-5570-598x400.jpeg","t7OPzmpJGRwVQnNLwmhCBg==":"img-5571-598x400.jpeg","wbZDYZyi4gTWqtoIelhnXg==":"img-5572-598x400.jpeg","JHSVV6JW78crgHdjrZe2yA==":"img-5573-598x400.jpeg","sDL1PELIdKyAfodmejskXQ==":"%E4%B8%8B%E5%8D%884.31%202024-11-17%E7%9A%84%E5%BD%B1%E5%83%8F-598x400.jpg","WukOW+b8YzOqC1/BugrGMQ==":"%E4%B8%8B%E5%8D%884.31%202024-11-17%E7%9A%84%E5%BD%B1%E5%83%8F-598x400.jpeg","IXRcGsShFUg7sdT71nZGzQ==":"%E4%B8%8B%E5%8D%884.31%202024-11-17%E7%9A%84%E5%BD%B1%E5%83%8F-598x400.jpeg","uIUgHAI3Eb1cMo1cFl25gw==":"%E4%B8%8B%E5%8D%884.31%202024-11-17%E7%9A%84%E5%BD%B1%E5%83%8F-598x400.jpeg","3M2Nxz2q8Y6p3DpuyfpmYQ==":"img-7354-598x399.jpg","PtMnFnVLT71CHDs6wgFL3w==":"img-6289-598x399.jpg","LEdMylQofd7MlqcMpyKK3w==":"%E4%B8%8B%E5%8D%884.29%202024-11-17%E7%9A%84%E5%BD%B1%E5%83%8F-598x796.jpeg","NsEcrDdhNn5C6mjjILmaUA==":"img-6557-596x447.jpg","zB+JPVkvpsawhXwEtKj2Yg==":"%E4%B8%8B%E5%8D%884.31%202024-11-17%E7%9A%84%E5%BD%B1%E5%83%8F-596x399.jpg","GH1idAOHRRjj9bOVNxnqAA==":"img-7354-596x397.jpg","ejPWi+4gQZhS/rPtWhUR4A==":"%E4%B8%8B%E5%8D%884.29%202024-11-17%E7%9A%84%E5%BD%B1%E5%83%8F-1062x1414.jpg","nNtVSypconARpXL+UgZ58A==":"img-5569-596x399.jpg","dDkb86udZFadTt8cMegyLQ==":"img-5569-596x399.jpeg","yAewJbB25JLwI8LyKGUa8w==":"img-5570-596x399.jpeg","8l0WlGHYobPg/0N2lh9R0Q==":"%E4%B8%8B%E5%8D%884.29%202024-11-17%E7%9A%84%E5%BD%B1%E5%83%8F-1062x1414.jpeg","2mAkfUTS8qpoIDky3RZIyw==":"%E4%B8%8B%E5%8D%884.29%202024-11-17%E7%9A%84%E5%BD%B1%E5%83%8F-1062x1414.jpeg","YSfyS9yjnDhrCi0TATTKtw==":"%E4%B8%8B%E5%8D%884.29%202024-11-17%E7%9A%84%E5%BD%B1%E5%83%8F-1062x1414.jpeg","WeuDyjZEMF0NYxOoJfNNVw==":"mbr-160x160.png","L/XMawD1ZRToHiFyDVhIzQ==":"mbr-1-160x160.png","BsTlGrjMebaQY5g0H89KUw==":"mbr-2-160x160.png","H9z0Jqnu2ica4WaUUVnALg==":"mbr-160x177.png","saMYlIkTu6zE9qXFc/PA1w==":"mbr-3-160x160.png","Ywn5dI/dsTfzNIcUz3grow==":"img-4086-816x1088.jpeg","5n1p/My/6K3PG6YL/+qnbw==":"img-4087-816x1088.jpeg","OAJkKqrCbHiaYOeMMlGrsg==":"img-4088-816x1088.jpeg","X630ioQ9mgF2wWvIkt/ClQ==":"img-2076-816x544.jpg","WfiS/K358HBkqeOomC59RQ==":"img-2076-816x544.jpeg"}